540075,-0.002946,0.008858,0.063311,0.855830,-1.186659,0.146710
540085,-0.004313,0.010627,0.068353,0.518358,-0.745609,0.145314
540095,-0.001359,0.011430,0.074635,0.519785,-1.684485,0.069957
540105,-0.001539,0.008557,0.055246,1.075150,-1.304360,0.175684
540115,-0.002381,0.010240,0.060167,0.679278,-0.957637,0.161343
540125,-0.000808,0.006996,0.063669,1.727996,-1.370192,0.257795
540135,-0.001894,0.011741,0.092703,0.593284,-0.886101,0.170652
540145,-0.005994,0.016651,0.076058,-0.947980,0.262454,0.133736
540155,-0.006628,0.019352,0.036502,-1.621250,0.050065,0.093217
540165,-0.006684,0.021256,0.049729,-1.297595,-0.106423,0.102279
540175,-0.005214,0.019723,0.091745,0.254419,-0.614169,0.132429
540185,-0.005203,0.020755,0.094492,0.224028,-0.630708,0.124205
540195,-0.004043,0.020655,0.095276,0.436596,-0.998717,0.162934
540205,-0.004839,0.021597,0.076134,0.067949,-0.746067,0.199188
540215,-0.004720,0.019095,0.080104,1.104016,-0.697377,0.382352
540225,-0.004682,0.019051,0.081175,1.101408,-0.714416,0.595809
540235,-0.004626,0.020558,0.086002,0.758356,-0.707648,0.816428
540245,-0.004638,0.018458,0.086493,1.423105,-0.666801,1.090317
540255,0.000913,0.010037,0.039278,3.079135,-2.275038,1.203979
540265,-0.001554,0.007372,0.058742,3.480094,-1.038914,1.685409
540275,-0.000281,0.007661,0.081697,2.853127,-1.114649,1.746296
540285,0.000914,0.006062,0.083537,2.838296,-1.229057,1.837812
540295,0.000963,0.005434,0.093655,2.433554,-0.787297,2.050875
540305,0.000508,0.004235,0.070067,2.559403,-0.535290,2.218120
540315,0.001650,0.003304,0.073138,2.046695,-0.440047,2.264467
540325,0.001298,0.003821,0.078403,0.939542,0.100647,2.441252
540335,0.001298,0.005731,0.075057,-0.287028,0.418490,2.530522
540345,0.002699,0.005656,0.076795,-0.951079,0.533285,2.561986
540355,0.005596,0.001928,0.073891,-0.505922,0.437497,2.458917
540365,0.005946,0.000257,0.078942,-1.197079,1.369972,2.540353
540375,0.006013,-0.000643,0.083435,-1.891073,2.313275,2.685580
540385,0.007341,-0.000597,0.087325,-2.536532,2.752290,2.926249
540395,0.007606,-0.001621,0.090260,-2.558938,3.492338,2.979617
540405,0.004355,0.001919,0.056276,-2.664429,4.524135,2.979119
540415,0.003863,0.000372,0.056527,-2.191193,5.176244,2.824735
540425,0.000126,0.003112,0.045127,-2.672816,6.294083,3.045927
540435,0.000926,-0.002601,0.066421,-1.437411,6.363952,2.344928
540445,-0.003831,-0.001505,0.049209,-1.428668,7.304077,2.180554
540455,-0.006862,-0.004026,0.019729,-0.111261,7.507389,0.883475
540465,-0.008684,-0.006422,0.018487,0.158721,7.065250,0.751332
540475,-0.009259,-0.010151,0.057433,-0.237581,5.672021,1.392372
540485,-0.006799,-0.010912,0.071113,-0.820142,3.531329,2.239969
540495,-0.008744,-0.012267,0.077944,-1.086059,2.978624,2.339183
540505,-0.011213,-0.013129,0.073961,-1.304863,2.651348,2.268173
540515,-0.013361,-0.013537,0.076729,-1.861557,1.877584,2.429457
540525,-0.013630,-0.014282,0.083032,-2.357116,0.554571,2.605966
540535,-0.015332,-0.014039,0.086040,-2.951446,-0.021850,2.715530
540545,-0.016381,-0.015070,0.090766,-3.105110,-0.669891,2.706105
540555,-0.017497,-0.014023,0.085525,-3.515669,-0.763034,2.681126
540565,-0.019656,-0.016130,0.091404,-3.169932,-0.839342,2.587606
540575,-0.021537,-0.017737,0.093606,-2.838076,-0.749319,2.536454
540585,-0.022940,-0.018351,0.099136,-2.681533,-0.884093,2.608855
540595,-0.024494,-0.019167,0.102883,-2.343924,-0.893724,2.639208
540605,-0.024961,-0.020904,0.096225,-1.625638,-0.823194,2.707829
540615,-0.026203,-0.022321,0.098852,-1.137326,-0.958948,2.768560
540625,-0.028535,-0.022786,0.102922,-0.997664,-0.904798,2.687055
540635,-0.029509,-0.022773,0.109144,-1.011413,-1.275733,2.694027
540645,-0.029407,-0.023066,0.112918,-1.034761,-1.756768,2.749893
540655,-0.031355,-0.020389,0.116837,-1.869584,-1.762259,2.485810
540665,-0.032726,-0.020973,0.122241,-2.000627,-1.985813,2.508441
540675,-0.032956,-0.019713,0.124187,-2.562450,-2.328060,2.446116
540685,-0.035230,-0.020176,0.130099,-2.811530,-2.330326,2.429338
540695,-0.034584,-0.019657,0.133763,-3.123076,-2.818222,2.500163
540705,-0.034410,-0.019305,0.135073,-3.274933,-3.053750,2.542879
540715,-0.033966,-0.019138,0.138561,-3.234012,-3.298587,2.620766
540725,-0.033811,-0.019855,0.142933,-2.884102,-3.422894,2.743946
540735,-0.033911,-0.018186,0.146390,-2.826147,-3.409741,2.591485
540745,-0.034679,-0.023353,0.155475,-1.449123,-3.268226,3.093213
540755,-0.031163,-0.025372,0.157799,-0.610823,-3.625844,3.427236
540765,-0.032329,-0.023874,0.166220,-0.406053,-3.194465,3.116068
540775,-0.033556,-0.020100,0.174259,-0.527760,-2.729835,2.629472
540785,-0.033834,-0.019413,0.178835,-0.172054,-2.360339,2.523549
540795,-0.035061,-0.019485,0.183752,0.134378,-1.842362,2.489089
540805,-0.036164,-0.017297,0.184976,-0.044978,-1.353508,2.299499
540815,-0.035767,-0.017717,0.189758,0.078320,-1.121373,2.346860
540825,-0.035902,-0.018397,0.194240,0.119522,-0.862354,2.386757
540835,-0.036238,-0.017576,0.198423,-0.126386,-0.677179,2.328717
540845,-0.037681,-0.016938,0.202346,-0.364071,-0.436662,2.277978
540855,-0.040380,-0.016387,0.209484,-0.550851,-0.149952,2.237371
540865,-0.039758,-0.016497,0.214315,-0.592639,-0.366791,2.210678
540875,-0.039531,-0.017646,0.218884,-0.448116,-0.560620,2.210753
540885,-0.045434,-0.009414,0.222413,-1.397768,-0.095408,1.992284
540895,-0.045696,-0.009502,0.228039,-1.118124,-0.345679,1.970807
540905,-0.046039,-0.009339,0.232535,-0.835966,-0.565511,1.942952
540915,-0.046643,-0.005178,0.235705,-0.973626,-0.756101,1.851272
540925,-0.045945,-0.006266,0.241059,-0.385815,-1.037170,1.849532
540935,-0.046669,-0.004202,0.244707,-0.137165,-1.140134,1.796203
540945,-0.047526,-0.003943,0.248762,0.353928,-1.193405,1.770094
540955,-0.048636,0.000748,0.252987,0.376845,-1.210833,1.679943
540965,-0.048585,0.002075,0.256679,0.767406,-1.316073,1.648083
540975,-0.048551,0.001133,0.260685,1.345088,-1.372321,1.652201
540985,-0.049327,0.004876,0.263944,1.361712,-1.344604,1.588135
540995,-0.049283,0.006553,0.267207,1.565106,-1.387762,1.550175
541005,-0.049898,0.007115,0.270257,1.796200,-1.368139,1.543652
541015,-0.049870,0.007938,0.273398,1.948449,-1.408807,1.518691
541025,-0.049161,0.012419,0.276209,1.721736,-1.516052,1.420442
541035,-0.049074,0.014228,0.279041,1.744882,-1.554334,1.388959
541045,-0.048970,0.014629,0.282028,1.881842,-1.576308,1.384302
541055,-0.049752,0.014919,0.285183,2.013599,-1.510403,1.406526
541065,-0.049848,0.019267,0.287656,1.787481,-1.509755,1.345779
541075,-0.048454,0.022308,0.289894,1.757941,-1.639582,1.276666
541085,-0.048449,0.021231,0.292860,2.095462,-1.612053,1.322763
541095,-0.049520,0.020656,0.295581,2.391665,-1.486622,1.385983
541105,-0.049170,0.019061,0.297412,2.783395,-1.462741,1.415878
541115,-0.048180,0.025734,0.300018,2.496113,-1.491415,1.284782
541125,-0.048838,0.027703,0.302233,2.608011,-1.353335,1.281937
541135,-0.047023,0.027067,0.304427,2.911127,-1.401391,1.250364
541145,-0.047649,0.027350,0.306519,3.049031,-1.240727,1.287420
541155,-0.046626,0.029800,0.310867,2.984855,-1.220252,1.238989
541165,-0.046409,0.030776,0.312790,2.987879,-1.119865,1.239020
541175,-0.046932,0.031232,0.314720,2.982347,-0.971535,1.265640
541185,-0.045129,0.034286,0.316505,2.743135,-1.021383,1.184023
541195,-0.044168,0.035857,0.318301,2.627570,-0.978854,1.145981
541205,-0.043303,0.038980,0.318087,2.364267,-0.931042,1.092787
541215,-0.044085,0.039093,0.320015,2.359240,-0.738212,1.135117
541225,-0.041478,0.041063,0.321619,2.249881,-0.810992,1.047160
541235,-0.040515,0.041871,0.323335,2.239243,-0.727775,1.029183
541245,-0.040586,0.041466,0.325223,2.336860,-0.570298,1.056287
541255,-0.040842,0.041735,0.326753,2.402331,-0.392585,1.082921
541265,-0.039447,0.041064,0.328453,2.565542,-0.320243,1.054473
541275,-0.037338,0.045838,0.330086,2.330391,-0.278434,0.974421
541285,-0.037989,0.048695,0.331678,2.253547,-0.011608,0.994147
541295,-0.035805,0.048399,0.333407,2.421882,0.047386,0.944625
541305,-0.036354,0.048885,0.332757,2.479229,0.311837,0.970993
541315,-0.035633,0.048859,0.334277,2.572417,0.462127,0.957472
541325,-0.032900,0.049204,0.335731,2.590250,0.438636,0.892225
541335,-0.031740,0.050632,0.337086,2.482785,0.518157,0.876022
541345,-0.032467,0.054916,0.338384,2.144911,0.696691,0.923433
541355,-0.032028,0.053800,0.339133,2.209844,0.778265,0.917931
541365,-0.029669,0.052669,0.340444,2.248552,0.708816,0.863315
541375,-0.029170,0.053188,0.341655,2.158561,0.775275,0.872361
541385,-0.028709,0.054462,0.342826,2.033237,0.832652,0.895320
541395,-0.029031,0.054774,0.344028,1.997801,0.951530,0.934484
541405,-0.026547,0.058207,0.341876,1.749997,0.835433,0.938310
541415,-0.026598,0.055413,0.343049,1.948546,0.923483,0.938725
541425,-0.026890,0.055526,0.344013,1.935414,1.001235,0.974321
541435,-0.025207,0.056738,0.344914,1.841593,0.940329,0.983172
541445,-0.025517,0.057143,0.345858,1.803292,1.031592,1.025805
541455,-0.021120,0.057748,0.343280,1.748089,0.777611,0.972070
541465,-0.021553,0.056192,0.344006,1.824312,0.916809,0.981979
541475,-0.020995,0.057608,0.344569,1.676508,0.967560,1.015059
541485,-0.019415,0.058468,0.345065,1.570235,0.946186,1.026669
541495,-0.020051,0.059301,0.345623,1.426706,1.086602,1.069520
541505,-0.019632,0.059470,0.342500,1.329762,1.150936,1.075048
541515,-0.019152,0.058562,0.342807,1.289122,1.212235,1.061010
541525,-0.019631,0.058745,0.343032,1.160211,1.337630,1.075207
541535,-0.018071,0.059664,0.343216,0.969118,1.297577,1.075640
541545,-0.018401,0.059620,0.343460,0.877597,1.398321,1.085394
541555,-0.017765,0.060292,0.341745,0.734097,1.402997,1.094933
541565,-0.015837,0.060961,0.341881,0.621300,1.312630,1.091609
541575,-0.014813,0.061334,0.342011,0.541201,1.271748,1.090328
541585,-0.013845,0.060763,0.342172,0.554036,1.228930,1.069575
541595,-0.014754,0.060846,0.342367,0.508896,1.325276,1.077022
541605,-0.013692,0.060979,0.339612,0.501124,1.263426,1.071048
541615,-0.013707,0.060988,0.339612,0.500590,1.287173,1.064453
541625,-0.013919,0.061026,0.339628,0.505661,1.330004,1.059829
541635,-0.014119,0.060949,0.339650,0.513619,1.384046,1.054276
541645,-0.012392,0.061062,0.339705,0.511000,1.292355,1.048039
541655,-0.011507,0.059305,0.339824,0.640359,1.276668,1.010666
541665,-0.012630,0.060439,0.339918,0.525913,1.396836,1.031957
541675,-0.012597,0.061776,0.339983,0.390386,1.416224,1.059027
541685,-0.012471,0.060397,0.340095,0.454949,1.415866,1.032598
541695,-0.012135,0.060068,0.340239,0.414055,1.388848,1.029601
541705,-0.011711,0.060854,0.339781,0.271342,1.324091,1.044645
541715,-0.011947,0.061711,0.340004,0.110719,1.289838,1.058729
541725,-0.011160,0.061748,0.340270,0.000767,1.145138,1.063538
541735,-0.011183,0.062471,0.340527,-0.163691,1.055128,1.082901
541745,-0.011966,0.063202,0.340821,-0.303079,1.008403,1.101520
541755,-0.010992,0.061766,0.341334,-0.259788,0.808876,1.098009
541765,-0.011929,0.062556,0.341798,-0.365550,0.768013,1.120956
541775,-0.012770,0.062454,0.342376,-0.350206,0.725876,1.137145
541785,-0.013862,0.061969,0.343047,-0.283675,0.693299,1.148748
541795,-0.013878,0.058045,0.343863,0.094812,0.597061,1.121932
541805,-0.013238,0.057521,0.343909,0.169952,0.436184,1.160993
541815,-0.014416,0.060756,0.344930,-0.060338,0.422833,1.229243
541825,-0.013750,0.060679,0.345756,-0.020889,0.259073,1.272167
541835,-0.013864,0.059280,0.346582,0.100265,0.171490,1.287887
541845,-0.014810,0.055293,0.347297,0.371129,0.154201,1.271749
541855,-0.015092,0.055750,0.347623,0.242576,0.066863,1.304849
541865,-0.014648,0.056314,0.348488,0.098587,-0.065727,1.343144
541875,-0.015951,0.057732,0.349422,-0.120079,-0.039854,1.368687
541885,-0.015722,0.057607,0.350320,-0.203384,-0.140152,1.392888
541895,-0.015507,0.058349,0.351253,-0.372083,-0.211760,1.418487
541905,-0.015479,0.058989,0.353034,-0.523919,-0.257775,1.440787
541915,-0.016374,0.058523,0.354165,-0.560142,-0.201516,1.447849
541925,-0.016412,0.057878,0.355348,-0.557238,-0.211681,1.460703
541935,-0.017324,0.056639,0.356590,-0.480819,-0.144301,1.467194
541945,-0.017325,0.056053,0.357862,-0.405532,-0.160080,1.487166
541955,-0.017318,0.056140,0.361037,-0.354372,-0.182271,1.506926
541965,-0.017196,0.055489,0.362476,-0.211543,-0.216945,1.524612
541975,-0.018853,0.054682,0.363901,-0.072971,-0.097528,1.520771
541985,-0.018765,0.054112,0.365321,0.048348,-0.140521,1.543091
541995,-0.018565,0.054767,0.366801,0.035618,-0.198770,1.558680
542005,-0.020871,0.054852,0.365345,0.032025,-0.043666,1.542555
542015,-0.020563,0.054323,0.366566,0.049281,-0.142303,1.559270
542025,-0.022688,0.053387,0.367658,0.053972,-0.020749,1.549423
542035,-0.023958,0.050647,0.368629,0.156464,-0.010380,1.556618
542045,-0.023372,0.051636,0.369864,-0.087013,-0.176039,1.571375
542055,-0.023555,0.052754,0.371905,-0.338049,-0.285436,1.574887
542065,-0.022779,0.052986,0.373065,-0.512499,-0.489921,1.590437
542075,-0.024735,0.053870,0.374191,-0.745213,-0.450412,1.576949
542085,-0.023985,0.052777,0.375402,-0.770905,-0.652686,1.602717
542095,-0.024349,0.052254,0.376521,-0.825052,-0.740195,1.611207
542105,-0.024009,0.051842,0.377293,-0.856340,-0.865289,1.625474
542115,-0.024726,0.051519,0.378330,-0.906090,-0.869086,1.627846
542125,-0.026647,0.052294,0.379321,-1.068000,-0.753215,1.606919
542135,-0.026751,0.048960,0.380462,-0.893064,-0.764006,1.642972
542145,-0.026771,0.046733,0.381530,-0.886896,-0.768247,1.671774
542155,-0.026970,0.047590,0.383643,-1.175968,-0.767980,1.672105
542165,-0.026954,0.049769,0.384719,-1.591023,-0.784678,1.662775
542175,-0.027073,0.051362,0.385706,-1.988064,-0.806564,1.653390
542185,-0.027163,0.053852,0.386507,-2.484004,-0.818708,1.642493
542195,-0.026862,0.049431,0.388272,-2.385491,-0.859564,1.703530
542205,-0.025722,0.048363,0.388585,-2.554816,-0.987678,1.745344
542215,-0.026542,0.045817,0.389760,-2.557550,-0.937469,1.762904
542225,-0.026446,0.046498,0.390710,-2.778070,-0.962911,1.763354
542235,-0.026551,0.046654,0.391654,-2.875700,-0.972613,1.765565
542245,-0.026741,0.046484,0.392593,-2.887327,-0.950892,1.773537
542255,-0.027145,0.046302,0.393444,-2.861733,-0.895538,1.776400
542265,-0.027553,0.046183,0.394343,-2.831406,-0.822346,1.784654
542275,-0.027949,0.048186,0.395112,-2.968439,-0.751282,1.774324
542285,-0.028429,0.046267,0.396139,-2.803700,-0.671745,1.808327
542295,-0.028787,0.046367,0.396941,-2.808217,-0.597722,1.822958
542305,-0.029065,0.046608,0.396334,-2.833496,-0.542441,1.837737
542315,-0.029405,0.053576,0.396679,-3.388550,-0.507914,1.784278
542325,-0.029484,0.054021,0.397366,-3.377302,-0.498043,1.807347
542335,-0.029293,0.054938,0.397994,-3.425345,-0.516500,1.834737
542345,-0.029183,0.054838,0.398780,-3.344383,-0.550430,1.866172
542355,-0.028938,0.054697,0.400130,-3.251843,-0.589221,1.895238
542365,-0.028792,0.055032,0.400807,-3.183996,-0.629843,1.913632
542375,-0.028738,0.054109,0.401586,-2.973361,-0.653299,1.939553
542385,-0.028709,0.053016,0.402363,-2.726979,-0.662038,1.964249
542395,-0.029013,0.058689,0.402714,-2.977726,-0.646941,1.929908
542405,-0.029326,0.060528,0.403776,-2.885412,-0.608243,1.933475
542415,-0.029718,0.063574,0.404256,-2.881723,-0.553494,1.928015
542425,-0.030035,0.063331,0.405059,-2.642985,-0.497866,1.958425
542435,-0.030278,0.062994,0.405837,-2.383735,-0.451015,1.989777
542445,-0.029610,0.062584,0.406596,-2.104409,-0.475359,2.046762
542455,-0.029987,0.069092,0.406597,-2.341372,-0.425082,2.026574
542465,-0.028940,0.071600,0.407032,-2.240463,-0.490127,2.068864
542475,-0.028974,0.071170,0.407747,-1.915160,-0.486697,2.094875
542485,-0.029051,0.070961,0.408404,-1.626027,-0.466646,2.115150
542495,-0.029109,0.069995,0.409124,-1.311191,-0.443939,2.142086
542505,-0.029486,0.079102,0.409975,-1.760589,-0.417677,2.108407
542515,-0.028878,0.081297,0.410556,-1.669444,-0.448430,2.132356
542525,-0.029158,0.081609,0.411397,-1.456167,-0.383392,2.145949
542535,-0.029564,0.080755,0.412390,-1.180348,-0.306932,2.161942
542545,-0.030219,0.084990,0.412922,-1.268248,-0.214311,2.144195
542555,-0.029692,0.083932,0.413480,-0.959868,-0.188803,2.164757
542565,-0.030266,0.085750,0.414188,-0.852872,-0.088360,2.145802
542575,-0.030027,0.091437,0.414588,-0.994559,-0.058939,2.124150
542585,-0.030549,0.089995,0.415588,-0.591042,0.049075,2.104805
542595,-0.029021,0.090587,0.416362,-0.348427,0.001200,2.102487
542605,-0.029534,0.089190,0.415426,0.019410,0.099577,2.075683
542615,-0.030124,0.096328,0.415935,-0.239932,0.184971,2.036007
542625,-0.029343,0.096564,0.416734,-0.004868,0.170519,2.008173
542635,-0.029470,0.099189,0.417353,0.023955,0.206049,1.972498
542645,-0.028556,0.100000,0.418118,0.147871,0.154932,1.940337
542655,-0.028604,0.099829,0.418832,0.316565,0.178727,1.898461
542665,-0.028493,0.099790,0.419557,0.448997,0.181477,1.859276
542675,-0.028478,0.100781,0.420225,0.484850,0.176362,1.817805
542685,-0.029826,0.110013,0.420522,-0.058956,0.248177,1.791246
542695,-0.029050,0.114305,0.420773,-0.219959,0.190909,1.751094
542705,-0.029235,0.114541,0.419207,-0.113562,0.223324,1.706789
542715,-0.029482,0.115604,0.419718,-0.072968,0.263758,1.661650
542725,-0.029653,0.116400,0.420237,0.011248,0.297043,1.611125
542735,-0.029704,0.115670,0.420909,0.221527,0.319605,1.556813
542745,-0.029634,0.114792,0.421556,0.476350,0.320981,1.498525
542755,-0.029882,0.124188,0.421014,0.035148,0.309826,1.478324
542765,-0.029753,0.126265,0.421326,0.143373,0.286831,1.429124
542775,-0.029561,0.128429,0.421625,0.239562,0.244787,1.380647
542785,-0.029232,0.127634,0.422279,0.537511,0.198240,1.321708
542795,-0.029102,0.134396,0.422183,0.293401,0.145642,1.299840
542805,-0.028930,0.135827,0.422387,0.404806,0.101497,1.257823
542815,-0.028868,0.138378,0.422728,0.442413,0.074773,1.218055
542825,-0.028942,0.138767,0.423270,0.618763,0.075276,1.176140
542835,-0.030263,0.137988,0.423911,0.875436,0.175891,1.143654
542845,-0.029483,0.138290,0.424389,1.062151,0.149230,1.094008
542855,-0.029918,0.145981,0.424270,0.733288,0.194601,1.088181
542865,-0.030221,0.149590,0.424373,0.699151,0.229614,1.065890
542875,-0.029136,0.150313,0.424763,0.853654,0.175410,1.013808
542885,-0.029013,0.150215,0.425204,1.033882,0.168757,0.971688
542895,-0.028757,0.152120,0.425429,1.052368,0.137220,0.936222
542905,-0.028461,0.156039,0.423516,0.928020,0.084174,0.911376
542915,-0.028099,0.159214,0.423561,0.865856,0.021501,0.886928
542925,-0.027701,0.160295,0.423800,0.935219,-0.042785,0.854975
542935,-0.027358,0.163346,0.423847,0.862155,-0.103016,0.835671
542945,-0.028225,0.164168,0.424185,0.957309,-0.071111,0.830337
542955,-0.027914,0.164863,0.425218,1.065448,-0.112519,0.811195
542965,-0.029082,0.164445,0.425687,1.252918,-0.049221,0.816684
542975,-0.029129,0.165040,0.426096,1.363779,-0.041787,0.804477
542985,-0.029102,0.164826,0.426535,1.529564,-0.041256,0.788149
542995,-0.029382,0.174068,0.426577,1.029921,-0.036493,0.798734
543005,-0.029358,0.175310,0.427370,1.089543,-0.037212,0.789445
543015,-0.030345,0.178910,0.427499,0.944816,0.010819,0.804591
543025,-0.030177,0.179530,0.427872,0.984322,-0.026185,0.794042
543035,-0.030983,0.180358,0.428205,0.974975,-0.003138,0.798826
543045,-0.030581,0.180925,0.428550,0.976375,-0.064723,0.772927
543055,-0.030227,0.181327,0.429841,1.018173,-0.131033,0.745061
543065,-0.030255,0.182445,0.430164,1.015390,-0.160839,0.723625
543075,-0.030335,0.182282,0.430588,1.119859,-0.159652,0.704923
543085,-0.030601,0.183148,0.430973,1.168519,-0.134865,0.689845
543095,-0.029945,0.182832,0.431464,1.304001,-0.151888,0.656198
543105,-0.030473,0.186877,0.430090,1.142855,-0.074136,0.645888
543115,-0.028782,0.186900,0.430427,1.244570,-0.131775,0.595239
543125,-0.030442,0.191513,0.430547,1.005677,0.029200,0.607072
543135,-0.030719,0.192371,0.430788,0.991676,0.088256,0.591252
543145,-0.030920,0.193516,0.430962,0.916923,0.123453,0.569617
543155,-0.030924,0.194734,0.431088,0.805793,0.138118,0.548443
543165,-0.030747,0.196141,0.431193,0.672495,0.120825,0.525041
543175,-0.030530,0.197440,0.431294,0.539484,0.082990,0.507481
543185,-0.029979,0.198352,0.431429,0.437732,0.010018,0.486941
543195,-0.030387,0.199163,0.431574,0.365768,-0.025268,0.487123
543205,-0.029590,0.200658,0.430511,0.268840,-0.153054,0.473764
543215,-0.030002,0.201027,0.430646,0.279085,-0.205705,0.476991
543225,-0.029388,0.205598,0.430534,0.016282,-0.317855,0.464699
543235,-0.029955,0.205744,0.430844,0.067383,-0.338817,0.469069
543245,-0.029722,0.205914,0.431150,0.133730,-0.392081,0.467246
543255,-0.029898,0.206098,0.434276,0.188637,-0.396123,0.470679
543265,-0.030177,0.206040,0.434705,0.258655,-0.353270,0.476187
543275,-0.030729,0.206171,0.435097,0.324672,-0.284940,0.482768
543285,-0.031367,0.206501,0.435453,0.356734,-0.183360,0.489982
543295,-0.032160,0.207876,0.435715,0.303453,-0.069508,0.497028
543305,-0.031679,0.208517,0.433008,0.289159,-0.029559,0.494162
543315,-0.030090,0.209314,0.433127,0.225273,-0.078458,0.482935
543325,-0.030314,0.210289,0.433193,0.133205,-0.009546,0.485795
543335,-0.030487,0.211355,0.433230,0.020044,0.024470,0.488921
543345,-0.030500,0.212608,0.433233,-0.116311,0.038280,0.494517
543355,-0.030377,0.213841,0.433109,-0.264289,0.028527,0.500673
543365,-0.029134,0.216103,0.432987,-0.485158,-0.068162,0.502614
543375,-0.028860,0.217117,0.432922,-0.607277,-0.101493,0.510263
543385,-0.028296,0.217807,0.432860,-0.675131,-0.165095,0.525706
543395,-0.027923,0.218236,0.432815,-0.697450,-0.235866,0.543788
543405,-0.029567,0.218055,0.433779,-0.652267,-0.152638,0.570982
543415,-0.029284,0.217992,0.433799,-0.564446,-0.202946,0.595308
543425,-0.029194,0.225956,0.433382,-1.026498,-0.236278,0.615897
543435,-0.029167,0.225594,0.433550,-0.871064,-0.243301,0.640079
543445,-0.029261,0.229361,0.433224,-1.002258,-0.230951,0.660842
543455,-0.029428,0.229418,0.436497,-0.864703,-0.205322,0.686117
543465,-0.029697,0.229186,0.436750,-0.742771,-0.165635,0.712072
543475,-0.029938,0.230019,0.436918,-0.682154,-0.116878,0.739303
543485,-0.030133,0.230913,0.437099,-0.632332,-0.076982,0.765121
543495,-0.029223,0.230694,0.437408,-0.506209,-0.122588,0.794180
543505,-0.028079,0.230458,0.437830,-0.367371,-0.189658,0.822737
543515,-0.029043,0.234426,0.437960,-0.532470,-0.131664,0.838843
543525,-0.028904,0.239686,0.437900,-0.787869,-0.154652,0.856989
543535,-0.028807,0.240985,0.438110,-0.776726,-0.175948,0.876122
543545,-0.027829,0.245479,0.437923,-0.995283,-0.253161,0.892940
543555,-0.027830,0.245684,0.439059,-0.910075,-0.245511,0.907242
543565,-0.028101,0.245441,0.439451,-0.780546,-0.210275,0.920052
543575,-0.027489,0.245809,0.439770,-0.657827,-0.209024,0.936896
543585,-0.027927,0.244929,0.440218,-0.417739,-0.117780,0.944899
543595,-0.028358,0.243742,0.440660,-0.138278,-0.018732,0.949569
543605,-0.029007,0.252081,0.442091,-0.488956,0.084518,0.944933
543615,-0.028598,0.255440,0.442340,-0.494980,0.119653,0.950563
543625,-0.027973,0.256174,0.442830,-0.339109,0.137809,0.961457
543635,-0.028230,0.256094,0.443420,-0.180854,0.201057,0.966308
543645,-0.028340,0.257576,0.443879,-0.160318,0.235608,0.971187
543655,-0.027290,0.257626,0.445734,-0.070226,0.172099,0.986483
543665,-0.027114,0.257514,0.446359,0.051539,0.164565,0.991721
543675,-0.027093,0.258377,0.446915,0.112080,0.157463,0.993104
543685,-0.027287,0.266182,0.447116,-0.295756,0.163580,0.999867
543695,-0.027347,0.268104,0.447593,-0.255916,0.178134,0.999300
543705,-0.027476,0.271055,0.447942,-0.297776,0.196335,0.997947
543715,-0.026480,0.270833,0.448556,-0.124991,0.138085,0.991821
543725,-0.026490,0.271565,0.449041,-0.016809,0.152086,0.983347
543735,-0.026518,0.271087,0.449583,0.177103,0.170161,0.972327
543745,-0.026512,0.271579,0.450029,0.308496,0.186869,0.965518
543755,-0.026720,0.276485,0.451098,0.145906,0.206462,0.969840
543765,-0.026839,0.279164,0.451417,0.128554,0.227446,0.969972
543775,-0.027059,0.280070,0.451855,0.245355,0.258912,0.960127
543785,-0.026111,0.282979,0.452144,0.192484,0.211325,0.956991
543795,-0.026158,0.283874,0.452560,0.283448,0.224454,0.949787
543805,-0.024905,0.284920,0.452509,0.355383,0.146246,0.939949
543815,-0.024744,0.284907,0.452840,0.479539,0.127777,0.928392
543825,-0.024551,0.285016,0.453138,0.583304,0.113984,0.913618
543835,-0.024345,0.286192,0.453355,0.601701,0.091635,0.905193
543845,-0.024540,0.291639,0.453337,0.327292,0.091184,0.911988
543855,-0.024460,0.292077,0.453011,0.391573,0.099484,0.908910
543865,-0.024574,0.291616,0.453206,0.484678,0.122500,0.906230
543875,-0.024889,0.296273,0.453028,0.212493,0.168787,0.916103
543885,-0.025109,0.297809,0.453021,0.174914,0.207229,0.921791
543895,-0.024434,0.302337,0.452707,-0.060012,0.183428,0.936458
543905,-0.024519,0.302528,0.452517,0.023747,0.224938,0.940937
543915,-0.024428,0.302502,0.452642,0.123760,0.234619,0.946309
543925,-0.024190,0.302457,0.452781,0.240999,0.213094,0.947630
543935,-0.024838,0.303338,0.452827,0.294763,0.237965,0.956938
543945,-0.024351,0.303095,0.452938,0.431293,0.162873,0.962385
543955,-0.023742,0.304226,0.451683,0.461768,0.075588,0.972434
543965,-0.023340,0.306484,0.451511,0.392111,-0.010485,0.984953
543975,-0.022825,0.307127,0.451389,0.415645,-0.085410,0.996045
543985,-0.022609,0.307837,0.451245,0.392703,-0.132389,1.011583
543995,-0.022465,0.307442,0.451174,0.426141,-0.151912,1.024654
544005,-0.022644,0.311217,0.450075,0.177405,-0.148046,1.042935
544015,-0.022917,0.315414,0.449736,-0.077143,-0.113682,1.062229
544025,-0.022415,0.317440,0.449493,-0.216304,-0.113689,1.079729
544035,-0.023059,0.318445,0.449386,-0.287984,-0.003156,1.102102
544045,-0.022490,0.319345,0.449315,-0.348584,0.026567,1.123505
544055,-0.022908,0.320792,0.446976,-0.442915,0.110067,1.153143
544065,-0.023078,0.320987,0.446838,-0.397654,0.165663,1.186770
544075,-0.022269,0.324018,0.446449,-0.517473,0.135010,1.221542
544085,-0.022429,0.324738,0.446269,-0.438132,0.173075,1.253450
544095,-0.021090,0.324205,0.446227,-0.258268,0.096918,1.287779
544105,-0.020579,0.323699,0.447788,-0.068608,0.048194,1.326672
544115,-0.020357,0.327070,0.447522,-0.135688,-0.004749,1.369550
544125,-0.020013,0.328527,0.447342,-0.055753,-0.053790,1.413820
544135,-0.019852,0.332478,0.447015,-0.153065,-0.088807,1.466244
544145,-0.019863,0.334536,0.446801,-0.155398,-0.099948,1.519997
544155,-0.020103,0.336748,0.445382,-0.195522,-0.076643,1.566350
544165,-0.020304,0.337127,0.445162,-0.127330,-0.031047,1.608168
544175,-0.020813,0.337962,0.444870,-0.121794,0.040844,1.651933
544185,-0.021420,0.338831,0.444543,-0.153932,0.142813,1.694060
544195,-0.021120,0.340608,0.444114,-0.256564,0.189874,1.730576
544205,-0.020760,0.341176,0.443879,-0.259378,0.245039,1.762006
544215,-0.019341,0.341794,0.443520,-0.257977,0.227011,1.791477
544225,-0.019707,0.342088,0.443182,-0.234953,0.336674,1.811573
544235,-0.019145,0.343492,0.442781,-0.276703,0.353923,1.829549
544245,-0.019370,0.343896,0.442447,-0.246490,0.428011,1.841687
544255,-0.018421,0.346411,0.442625,-0.361730,0.391519,1.860585
544265,-0.018216,0.346832,0.442321,-0.331828,0.382982,1.878404
544275,-0.018723,0.347124,0.442054,-0.301791,0.406537,1.893322
544285,-0.018428,0.350338,0.441619,-0.465822,0.330582,1.916351
544295,-0.018195,0.355519,0.440974,-0.729657,0.262287,1.937342
544305,-0.017611,0.355675,0.443527,-0.618007,0.180291,1.942220
544315,-0.017361,0.359797,0.443213,-0.787636,0.110485,1.951956
544325,-0.017023,0.359666,0.443307,-0.651246,0.060528,1.945186
544335,-0.016898,0.359161,0.443441,-0.476169,0.043232,1.934159
544345,-0.017027,0.359671,0.443491,-0.343927,0.058856,1.918232
544355,-0.017510,0.359886,0.443370,-0.191939,0.127233,1.901700
544365,-0.018271,0.362944,0.443348,-0.210088,0.236733,1.893564
544375,-0.017149,0.366094,0.443315,-0.203117,0.231341,1.893449
544385,-0.016029,0.370518,0.443131,-0.287659,0.234603,1.895875
544395,-0.017611,0.370091,0.443422,-0.047788,0.443063,1.883293
544405,-0.016870,0.370455,0.443768,0.102758,0.464934,1.875433
544415,-0.016839,0.369982,0.443983,0.319914,0.502707,1.858929
544425,-0.016415,0.369614,0.444217,0.504525,0.482456,1.846653
544435,-0.015780,0.370450,0.444436,0.586809,0.402822,1.843087
544445,-0.016104,0.374500,0.444600,0.424196,0.348094,1.849695
544455,-0.016409,0.379993,0.443606,0.144641,0.259586,1.855983
544465,-0.015445,0.381607,0.443815,0.112292,0.087699,1.838457
544475,-0.014749,0.385069,0.443850,-0.052581,-0.067410,1.818863
544485,-0.015266,0.385465,0.444233,0.018034,-0.101368,1.779289
544495,-0.016207,0.386507,0.444576,0.042422,-0.076717,1.728450
544505,-0.016553,0.386024,0.446355,0.209810,-0.041093,1.665995
544515,-0.017536,0.385965,0.446844,0.396034,0.082801,1.603302
544525,-0.017638,0.384765,0.447389,0.708174,0.200591,1.537230
544535,-0.017889,0.388244,0.447764,0.699734,0.334502,1.475980
544545,-0.017941,0.392172,0.448059,0.697807,0.450683,1.413365
544555,-0.018522,0.393405,0.447136,0.845908,0.580302,1.349283
544565,-0.018614,0.395472,0.447376,0.881278,0.623613,1.282980
544575,-0.017072,0.396210,0.447686,0.931229,0.507042,1.205539
544585,-0.018171,0.397197,0.447891,0.895923,0.517443,1.141080
544595,-0.016909,0.398439,0.448068,0.807326,0.315195,1.063054
544605,-0.017446,0.399847,0.447653,0.682165,0.203476,0.993282
544615,-0.016130,0.401280,0.447694,0.528458,-0.054176,0.907674
544625,-0.017121,0.402620,0.447741,0.376071,-0.125591,0.830466
544635,-0.017366,0.404012,0.447773,0.227879,-0.227577,0.746677
544645,-0.016990,0.404912,0.447881,0.124068,-0.336522,0.653637
544655,-0.017196,0.407484,0.445448,-0.050790,-0.356594,0.563906
544665,-0.017736,0.407551,0.445518,-0.000838,-0.297061,0.474857
544675,-0.018681,0.407465,0.445580,0.093001,-0.175010,0.389016
544685,-0.019741,0.406844,0.445677,0.241370,-0.006192,0.310512
544695,-0.018758,0.414569,0.445267,-0.149375,0.028040,0.225537
544705,-0.019742,0.414981,0.447737,-0.005967,0.203178,0.154211
544715,-0.018317,0.414392,0.447925,0.214808,0.192939,0.077455
544725,-0.018534,0.417028,0.447880,0.198936,0.267675,0.007078
544735,-0.018254,0.416731,0.448040,0.376201,0.260476,-0.058624
544745,-0.017622,0.417631,0.448082,0.442148,0.179374,-0.121418
544755,-0.017700,0.418781,0.446801,0.460094,0.105820,-0.174451
544765,-0.017446,0.419500,0.446789,0.477221,-0.021172,-0.223355
544775,-0.016204,0.420273,0.446772,0.430048,-0.235161,-0.272467
544785,-0.018131,0.423601,0.446646,0.197756,-0.233726,-0.307011
544795,-0.017057,0.424911,0.446548,0.067088,-0.431568,-0.356216
544805,-0.017356,0.426273,0.448855,-0.072610,-0.518193,-0.401966
544815,-0.016877,0.427490,0.448939,-0.202805,-0.622978,-0.453919
544825,-0.016869,0.428299,0.449072,-0.289040,-0.661123,-0.505182
544835,-0.017148,0.428589,0.449291,-0.291725,-0.637172,-0.556324
544845,-0.017969,0.429476,0.449538,-0.287685,-0.536499,-0.607938
544855,-0.018911,0.435236,0.447213,-0.570027,-0.369495,-0.689009
544865,-0.020128,0.434489,0.447573,-0.357605,-0.169900,-0.737001
544875,-0.019038,0.437418,0.447660,-0.365080,-0.120355,-0.798361
544885,-0.019926,0.437183,0.448051,-0.113554,0.041819,-0.840243
544895,-0.019535,0.435883,0.448575,0.217698,0.085752,-0.875592
544905,-0.018624,0.435621,0.448573,0.464199,0.064457,-0.915743
544915,-0.019220,0.437634,0.448898,0.539669,0.105554,-0.954663
544925,-0.018266,0.444083,0.449125,0.293001,0.002781,-0.999370
544935,-0.017126,0.447114,0.449347,0.271007,-0.154926,-1.025772
544945,-0.015997,0.448584,0.449677,0.277849,-0.342429,-1.038094
544955,-0.016991,0.449571,0.450227,0.277916,-0.383385,-1.046504
544965,-0.016375,0.450370,0.450671,0.240155,-0.524435,-1.058022
544975,-0.016204,0.451032,0.451176,0.214863,-0.582650,-1.068198
544985,-0.017528,0.451574,0.451779,0.212985,-0.495309,-1.069365
544995,-0.018205,0.451789,0.452409,0.250604,-0.412335,-1.064210
545005,-0.018012,0.451762,0.451278,0.326518,-0.358810,-1.053221
545015,-0.017852,0.452647,0.451725,0.352501,-0.269482,-1.042657
545025,-0.018666,0.452116,0.452218,0.505777,-0.117031,-1.016234
545035,-0.019237,0.452942,0.452635,0.571427,0.002816,-0.995865
545045,-0.018404,0.452606,0.453069,0.688685,-0.009083,-0.962411
545055,-0.016969,0.457786,0.451188,0.425154,-0.078655,-0.945972
545065,-0.016445,0.460304,0.451303,0.322914,-0.124350,-0.914327
545075,-0.015810,0.461286,0.451499,0.292934,-0.211523,-0.875846
545085,-0.015086,0.462633,0.451690,0.181528,-0.311462,-0.836496
545095,-0.014410,0.463491,0.451947,0.082786,-0.413731,-0.792486
545105,-0.012532,0.463705,0.449935,0.068022,-0.596151,-0.747559
545115,-0.011229,0.463987,0.450027,0.117970,-0.755592,-0.698668
545125,-0.011664,0.466626,0.450012,0.113199,-0.831684,-0.655409
545135,-0.010046,0.464403,0.450090,0.532668,-1.094648,-0.586631
545145,-0.011227,0.466712,0.450168,0.701345,-1.156973,-0.537496
545155,-0.010566,0.465627,0.446621,1.162506,-1.380148,-0.466922
545165,-0.009721,0.470781,0.446468,1.199849,-1.580086,-0.445264
545175,-0.009753,0.468012,0.446352,1.806537,-1.725953,-0.350444
545185,-0.010038,0.467893,0.446229,2.166821,-1.807046,-0.281409
545195,-0.011342,0.470786,0.446406,2.242632,-1.766647,-0.247075
545205,-0.010763,0.471473,0.445449,2.381024,-1.855135,-0.198791
545215,-0.010556,0.471730,0.445320,2.450399,-1.902420,-0.145542
545225,-0.008699,0.476907,0.445296,2.105953,-1.991812,-0.180795
545235,-0.008488,0.478405,0.445196,1.956913,-1.995036,-0.140030
545245,-0.007272,0.476829,0.445023,1.981235,-2.079441,-0.062185
545255,-0.006844,0.477220,0.442876,1.850944,-2.112856,-0.003166
545265,-0.006245,0.478118,0.442568,1.696617,-2.159527,0.043604
545275,-0.005976,0.478447,0.442302,1.635587,-2.177118,0.103184
545285,-0.005822,0.478302,0.442041,1.669965,-2.181181,0.179545
545295,-0.005905,0.477678,0.441783,1.778865,-2.166326,0.272358
545305,-0.005052,0.477008,0.439677,1.930722,-2.198018,0.351100
545315,-0.002578,0.479351,0.439128,1.891250,-2.275524,0.355221
545325,-0.002716,0.479494,0.438709,2.007933,-2.204364,0.438361
545335,-0.002929,0.478825,0.438279,2.180639,-2.146628,0.535790
545345,-0.001830,0.479646,0.437830,2.210581,-2.158069,0.583869
545355,-0.002102,0.478853,0.436818,2.304216,-2.092724,0.687296
545365,-0.002075,0.479478,0.436482,2.239072,-2.037820,0.757315
545375,-0.002251,0.480342,0.436194,2.121201,-1.969565,0.822880
545385,-0.001230,0.481460,0.435855,1.952796,-1.959953,0.861957
545395,0.001936,0.482875,0.435392,1.741280,-2.068488,0.858360
545405,0.000904,0.480339,0.434084,1.796025,-1.929142,1.015974
545415,0.004948,0.481195,0.433629,1.593653,-2.069829,1.005393
545425,0.004568,0.477729,0.433412,1.763800,-1.940532,1.156298
545435,0.008347,0.479399,0.433052,1.563248,-1.997065,1.125945
545445,0.008406,0.479835,0.432985,1.455744,-1.811873,1.190614
545455,0.007234,0.480431,0.432401,1.351786,-1.541419,1.271451
545465,0.010534,0.479860,0.432179,1.328873,-1.568998,1.304716
545475,0.012719,0.479545,0.432026,1.295997,-1.514317,1.345630
545485,0.014752,0.476213,0.431865,1.460116,-1.472235,1.443502
545495,0.016436,0.476047,0.431851,1.368360,-1.397697,1.482593
545505,0.018607,0.479853,0.431485,0.968839,-1.361144,1.448117
545515,0.018337,0.479110,0.431679,0.908957,-1.213179,1.518591
545525,0.020373,0.479681,0.431758,0.705913,-1.231447,1.529765
545535,0.022212,0.481102,0.431863,0.424223,-1.226426,1.524893
545545,0.022629,0.481191,0.432175,0.260706,-1.102210,1.545725
545555,0.026893,0.481250,0.429927,0.139762,-1.228904,1.522706
545565,0.026948,0.479749,0.430312,0.153542,-1.024864,1.551625
545575,0.027955,0.477683,0.430652,0.259902,-0.886428,1.573227
545585,0.029115,0.478358,0.430989,0.198360,-0.736978,1.554331
545595,0.032166,0.476936,0.431192,0.330224,-0.736885,1.550622
545605,0.031500,0.475386,0.431898,0.479903,-0.455109,1.562727
545615,0.034083,0.475214,0.432331,0.511729,-0.448740,1.556180
545625,0.035959,0.475504,0.432875,0.466609,-0.412320,1.545630
545635,0.037083,0.472425,0.433408,0.627767,-0.350497,1.555765
545645,0.039469,0.473758,0.434016,0.375276,-0.414262,1.532260
545655,0.040767,0.474256,0.435027,0.140827,-0.407031,1.516045
545665,0.043781,0.475899,0.435470,-0.191001,-0.524066,1.490780
545675,0.043709,0.476461,0.436151,-0.445288,-0.369227,1.470762
545685,0.043460,0.472037,0.437009,-0.288743,-0.172164,1.449045
545695,0.046687,0.470204,0.437400,-0.333773,-0.247052,1.424015
545705,0.048906,0.465888,0.436556,-0.132460,-0.200042,1.387118
545715,0.049967,0.467024,0.437265,-0.351542,-0.050001,1.344324
545725,0.050528,0.468148,0.438019,-0.531793,0.144095,1.302918
545735,0.052098,0.466369,0.438689,-0.464063,0.220335,1.257152
545745,0.052740,0.466520,0.439495,-0.562180,0.364924,1.209306
545755,0.056298,0.467130,0.439945,-0.688900,0.233630,1.185216
545765,0.058425,0.467903,0.440649,-0.857600,0.216698,1.144593
545775,0.060217,0.464921,0.441447,-0.741877,0.201641,1.065316
545785,0.061061,0.464677,0.442299,-0.870481,0.216499,0.992347
545795,0.061927,0.464677,0.443113,-1.006895,0.205216,0.919051
545805,0.063392,0.465660,0.441633,-1.234890,0.120458,0.865908
545815,0.064149,0.466044,0.442147,-1.391353,0.122133,0.797603
545825,0.066615,0.466068,0.442502,-1.450863,-0.030074,0.747300
545835,0.067889,0.465868,0.442974,-1.446540,-0.051113,0.667766
545845,0.069068,0.465267,0.443512,-1.386599,-0.024958,0.578996
545855,0.070861,0.464419,0.442910,-1.264725,-0.040518,0.500044
545865,0.071941,0.463184,0.443412,-1.094461,0.041762,0.403882
545875,0.072944,0.461799,0.443847,-0.874645,0.123810,0.316681
545885,0.074851,0.460434,0.444129,-0.640278,0.121244,0.251112
545895,0.077387,0.463288,0.444455,-0.737826,0.024539,0.252549
545905,0.079295,0.463566,0.442671,-0.637000,0.002034,0.204988
545915,0.080234,0.466441,0.442893,-0.794522,0.048348,0.161852
545925,0.081456,0.465697,0.443048,-0.718345,0.085807,0.076952
545935,0.082595,0.465224,0.443143,-0.715397,0.130560,-0.011501
545945,0.083703,0.465800,0.443191,-0.812482,0.170518,-0.087032
545955,0.085438,0.469170,0.442605,-1.114775,0.124851,-0.108268
545965,0.086619,0.469054,0.442622,-1.099091,0.164715,-0.182068
545975,0.089604,0.468747,0.442501,-1.025892,0.042655,-0.216284
545985,0.090905,0.467770,0.442529,-0.877428,0.076710,-0.291145
545995,0.092429,0.466180,0.442533,-0.623520,0.086055,-0.362644
546005,0.092983,0.464969,0.440217,-0.349887,0.150945,-0.442034
546015,0.095316,0.465954,0.440092,-0.193494,0.028679,-0.457595
546025,0.095186,0.465129,0.440213,0.093533,0.124775,-0.550579
546035,0.096731,0.463908,0.440210,0.370292,0.064182,-0.619196
546045,0.097377,0.464284,0.440380,0.461101,0.074249,-0.684528
546055,0.097997,0.464405,0.440369,0.502292,0.072971,-0.749539
546065,0.102108,0.466489,0.440361,0.313786,-0.220723,-0.751214
546075,0.102532,0.468101,0.440530,0.084545,-0.184865,-0.811740
546085,0.104929,0.468891,0.440438,-0.134307,-0.304403,-0.863509
546095,0.105290,0.470347,0.440508,-0.406134,-0.251265,-0.931279
546105,0.105659,0.471262,0.439455,-0.601975,-0.195022,-0.999223
546115,0.105927,0.470529,0.439487,-0.604753,-0.127242,-1.079475
546125,0.108189,0.470116,0.439346,-0.572311,-0.214023,-1.133110
546135,0.108799,0.468855,0.439316,-0.401590,-0.176918,-1.205753
546145,0.109300,0.467133,0.439233,-0.116925,-0.153513,-1.279803
546155,0.113548,0.464950,0.438760,0.235680,-0.421824,-1.316350
546165,0.113799,0.464120,0.438621,0.508327,-0.353400,-1.379445
546175,0.115838,0.471852,0.438741,0.137450,-0.439835,-1.382820
546185,0.115935,0.475349,0.438665,0.061494,-0.358342,-1.438209
546195,0.118137,0.475463,0.438475,0.150765,-0.427315,-1.504372
546205,0.118261,0.476058,0.437419,0.127596,-0.341659,-1.584013
546215,0.119416,0.477056,0.437223,0.021258,-0.332712,-1.664845
546225,0.120680,0.474744,0.437124,0.129436,-0.337263,-1.760802
546235,0.121311,0.475048,0.436885,0.061760,-0.314730,-1.845158
546245,0.121943,0.475011,0.436602,0.065301,-0.328153,-1.928103
546255,0.122648,0.474299,0.436868,0.155633,-0.350632,-2.012583
546265,0.128250,0.476160,0.436269,0.111447,-0.745316,-2.076921
546275,0.128778,0.475233,0.436034,0.326881,-0.735282,-2.156430
546285,0.132403,0.474065,0.435394,0.531274,-0.945676,-2.220566
546295,0.132723,0.474140,0.435130,0.660372,-0.910077,-2.276378
546305,0.132859,0.474597,0.437023,0.740889,-0.821940,-2.322336
546315,0.135539,0.476082,0.436548,0.706258,-0.894409,-2.364447
546325,0.135866,0.475156,0.436225,0.830368,-0.754142,-2.396678
546335,0.138001,0.475450,0.435733,0.809297,-0.714992,-2.432549
546345,0.136819,0.476204,0.435601,0.728525,-0.402081,-2.449477
546355,0.139519,0.473109,0.436551,0.884703,-0.359967,-2.461409
546365,0.140355,0.474150,0.436331,0.692830,-0.166298,-2.458970
546375,0.144725,0.476032,0.435963,0.417861,-0.233517,-2.463702
546385,0.145235,0.475960,0.435892,0.325283,-0.065867,-2.443167
546395,0.146351,0.476657,0.435824,0.181567,0.014460,-2.425422
546405,0.149772,0.477181,0.437057,0.075854,-0.121315,-2.418705
546415,0.150418,0.476479,0.437201,0.076584,-0.086203,-2.397727
546425,0.151196,0.476533,0.437344,0.065013,-0.091276,-2.374486
546435,0.152060,0.476244,0.437475,0.099784,-0.130580,-2.353407
546445,0.153817,0.475829,0.437499,0.166955,-0.240800,-2.346061
546455,0.155552,0.477027,0.440202,0.133770,-0.314568,-2.344114
546465,0.159819,0.477004,0.440127,0.227940,-0.552148,-2.354134
546475,0.161816,0.476127,0.440211,0.386175,-0.581628,-2.364507
546485,0.161546,0.475773,0.440584,0.502946,-0.431944,-2.368024
546495,0.164300,0.475403,0.440639,0.573980,-0.476935,-2.380849
546505,0.165957,0.476242,0.442207,0.532923,-0.422933,-2.388111
546515,0.167512,0.475547,0.442531,0.576491,-0.352754,-2.397641
546525,0.167957,0.475856,0.442993,0.519414,-0.197647,-2.401500
546535,0.170530,0.476404,0.443315,0.429167,-0.188763,-2.412114
546545,0.171988,0.476994,0.443775,0.302883,-0.103989,-2.419505
546555,0.175496,0.476647,0.445919,0.247788,-0.148726,-2.436378
546565,0.176847,0.473446,0.446602,0.383089,-0.042169,-2.444231
546575,0.176263,0.473118,0.447459,0.307355,0.196339,-2.436290
546585,0.177915,0.475451,0.448179,0.061848,0.273259,-2.428817
546595,0.179568,0.475618,0.448806,-0.000181,0.325437,-2.419056
546605,0.182657,0.473669,0.449160,0.102764,0.258745,-2.415871
546615,0.183914,0.473680,0.449722,0.077420,0.290641,-2.399769
546625,0.186363,0.473232,0.450233,0.097887,0.224411,-2.386201
546635,0.187931,0.472804,0.450859,0.152506,0.200610,-2.366707
546645,0.191452,0.473452,0.451348,0.120250,0.034005,-2.342633
546655,0.192064,0.473354,0.454020,0.140634,0.084968,-2.308811
546665,0.193472,0.473497,0.454764,0.121109,0.068305,-2.268006
546675,0.195693,0.474739,0.455416,0.005474,0.014769,-2.222473
546685,0.196588,0.474690,0.456185,-0.041048,0.074565,-2.183527
546695,0.198391,0.472856,0.456884,-0.036845,0.103823,-2.155080
546705,0.198949,0.474256,0.458203,-0.294224,0.230868,-2.108861
546715,0.201406,0.474449,0.458689,-0.461435,0.245335,-2.074376
546725,0.203651,0.475265,0.459107,-0.646670,0.291113,-2.034439
546735,0.205896,0.474520,0.459594,-0.671138,0.364741,-2.010339
546745,0.208492,0.474264,0.460027,-0.681034,0.404745,-1.983661
546755,0.209170,0.473630,0.459253,-0.601594,0.544918,-1.963730
546765,0.210361,0.472629,0.459599,-0.462049,0.619377,-1.948076
546775,0.211830,0.472905,0.459888,-0.390252,0.620502,-1.918025
546785,0.215660,0.472178,0.460008,-0.269589,0.433423,-1.886371
546795,0.216755,0.472822,0.460346,-0.253802,0.410826,-1.856131
546805,0.217412,0.475742,0.457376,-0.410322,0.379615,-1.814394
546815,0.219346,0.475540,0.457283,-0.355563,0.291329,-1.807501
546825,0.221054,0.475186,0.457110,-0.307475,0.209700,-1.810233
546835,0.222642,0.474751,0.456923,-0.238206,0.159372,-1.822824
546845,0.224950,0.474239,0.456677,-0.161100,0.080411,-1.841077
546855,0.225907,0.473768,0.454175,-0.089939,0.121268,-1.874384
546865,0.226633,0.473283,0.453891,-0.016835,0.205836,-1.913649
546875,0.229057,0.475154,0.453424,-0.093907,0.200814,-1.932725
546885,0.228209,0.473982,0.453153,0.005548,0.459336,-1.990296
546895,0.230327,0.477419,0.452584,-0.208932,0.521458,-1.999128
546905,0.231644,0.476688,0.451582,-0.168721,0.648615,-2.039939
546915,0.236386,0.478015,0.450796,-0.286602,0.512341,-2.044376
546925,0.237426,0.477984,0.450190,-0.303546,0.597462,-2.067954
546935,0.240116,0.478850,0.449368,-0.337717,0.522031,-2.074126
546945,0.240904,0.478436,0.448674,-0.270003,0.525736,-2.101088
546955,0.241846,0.477708,0.445085,-0.160465,0.492295,-2.134532
546965,0.243838,0.477888,0.444019,-0.093719,0.372457,-2.153375
546975,0.244700,0.476658,0.443018,0.091149,0.340058,-2.184539
546985,0.246453,0.480177,0.441922,-0.022605,0.244301,-2.165365
546995,0.248206,0.479428,0.440801,0.128101,0.158643,-2.179996
547005,0.249797,0.479083,0.440245,0.229190,0.101445,-2.189468
547015,0.251099,0.478992,0.439208,0.270234,0.076471,-2.194488
547025,0.254098,0.478906,0.438093,0.288652,-0.036967,-2.193790
547035,0.254730,0.478908,0.437283,0.301234,0.055213,-2.198276
547045,0.254867,0.479024,0.436574,0.297738,0.219722,-2.205989
547055,0.257987,0.479057,0.434577,0.278849,0.210144,-2.214765
547065,0.258904,0.479131,0.433747,0.271671,0.378498,-2.226436
547075,0.261132,0.480065,0.432846,0.210117,0.455550,-2.235553
547085,0.261340,0.479916,0.432121,0.241844,0.649504,-2.256948
547095,0.264833,0.479439,0.431214,0.299846,0.591202,-2.283145
547105,0.265458,0.479139,0.431605,0.370980,0.730039,-2.312181
547115,0.268320,0.482934,0.430954,0.142555,0.683453,-2.312644
547125,0.269554,0.480492,0.430483,0.365132,0.730073,-2.366309
547135,0.270073,0.480278,0.430040,0.429232,0.780307,-2.404639
547145,0.271752,0.480110,0.429552,0.470328,0.713875,-2.441046
547155,0.273536,0.480147,0.427994,0.482556,0.620996,-2.480984
547165,0.275199,0.483335,0.427488,0.257923,0.521287,-2.491021
547175,0.276105,0.480511,0.427136,0.455133,0.491356,-2.556932
547185,0.278905,0.484115,0.426629,0.164416,0.305521,-2.567143
547195,0.278757,0.481800,0.426612,0.276694,0.343611,-2.619711
547205,0.281478,0.481093,0.426575,0.252968,0.169654,-2.666290
547215,0.282932,0.480191,0.426428,0.268471,0.103912,-2.710162
547225,0.284406,0.480131,0.426304,0.248924,0.059854,-2.741532
547235,0.285696,0.480000,0.426203,0.257650,0.036185,-2.760997
547245,0.285851,0.480037,0.426194,0.272500,0.109253,-2.765961
547255,0.289692,0.479369,0.425766,0.326340,-0.063315,-2.787045
547265,0.289466,0.479793,0.425735,0.351875,0.088982,-2.791691
547275,0.292054,0.478979,0.425465,0.475589,0.037299,-2.809701
547285,0.291704,0.480359,0.425522,0.450589,0.222867,-2.801477
547295,0.294455,0.479814,0.425230,0.546317,0.171635,-2.809875
547305,0.295396,0.480635,0.425914,0.529126,0.238973,-2.798567
547315,0.297422,0.480584,0.425727,0.545410,0.207968,-2.791491
547325,0.298598,0.480914,0.425594,0.505579,0.231230,-2.778188
547335,0.300839,0.481297,0.425364,0.422081,0.161339,-2.759025
547345,0.301920,0.479132,0.425262,0.515168,0.167391,-2.736043
547355,0.302007,0.476105,0.425500,0.639622,0.255033,-2.709832
547365,0.303993,0.476735,0.425443,0.457398,0.205914,-2.681334
547375,0.305083,0.476722,0.425466,0.341795,0.224469,-2.645421
547385,0.306968,0.477536,0.425518,0.140997,0.185010,-2.603771
547395,0.307068,0.479323,0.425812,-0.107207,0.299363,-2.550938
547405,0.309112,0.478801,0.426875,-0.159159,0.247363,-2.508442
547415,0.309294,0.479165,0.427340,-0.241388,0.326511,-2.457440
547425,0.309266,0.479191,0.427876,-0.274333,0.418128,-2.404668
547435,0.312011,0.478720,0.428303,-0.236767,0.318361,-2.356920
547445,0.312867,0.478386,0.428837,-0.180561,0.368597,-2.295184
547455,0.316638,0.477925,0.427993,-0.138213,0.202706,-2.230379
547465,0.316808,0.480702,0.428390,-0.305990,0.309908,-2.152936
547475,0.317875,0.480693,0.428659,-0.289270,0.332994,-2.086104
547485,0.318771,0.474326,0.429088,0.163815,0.352434,-2.040399
547495,0.321642,0.475639,0.429186,-0.014401,0.242274,-1.965919
547505,0.321856,0.476060,0.428803,-0.111427,0.341778,-1.893673
547515,0.322155,0.476552,0.428921,-0.217246,0.398941,-1.822482
547525,0.323425,0.477144,0.429013,-0.334992,0.366733,-1.755813
547535,0.324692,0.475613,0.429169,-0.292041,0.333683,-1.699099
547545,0.326105,0.475737,0.429329,-0.361181,0.288505,-1.638147
547555,0.327500,0.475654,0.430208,-0.382206,0.242045,-1.575091
547565,0.328959,0.474418,0.430432,-0.291574,0.184370,-1.512978
547575,0.331417,0.474012,0.430527,-0.250872,0.041736,-1.445493
547585,0.332025,0.473835,0.430718,-0.222491,0.048045,-1.385392
547595,0.333400,0.473743,0.430798,-0.222537,-0.012190,-1.322498
547605,0.333613,0.473606,0.430573,-0.219990,0.036809,-1.274742
547615,0.334657,0.474604,0.430629,-0.308287,0.039568,-1.225267
547625,0.335684,0.474752,0.430617,-0.342191,0.054040,-1.177537
547635,0.336838,0.474916,0.430527,-0.384971,0.057309,-1.121296
547645,0.338965,0.475046,0.430307,-0.422485,-0.023432,-1.060569
547655,0.341037,0.475032,0.428308,-0.434066,-0.104057,-0.997338
547665,0.341404,0.473752,0.428205,-0.331195,-0.053903,-0.945242
547675,0.342779,0.474468,0.428076,-0.355511,-0.098769,-0.895566
547685,0.343161,0.474139,0.428067,-0.302758,-0.066142,-0.859292
547695,0.343580,0.474713,0.428084,-0.316404,-0.040193,-0.829118
547705,0.345802,0.475451,0.428415,-0.333335,-0.153867,-0.791497
547715,0.347976,0.478152,0.428392,-0.504124,-0.244768,-0.762712
547725,0.348147,0.476167,0.428638,-0.319910,-0.177862,-0.738044
547735,0.350253,0.477930,0.428635,-0.431907,-0.254041,-0.711686
547745,0.350640,0.477736,0.428835,-0.381119,-0.199349,-0.689595
547755,0.351068,0.477495,0.428250,-0.326261,-0.170390,-0.662990
547765,0.354293,0.477127,0.428249,-0.251513,-0.371753,-0.619613
547775,0.354921,0.475806,0.428446,-0.092461,-0.373138,-0.593460
547785,0.356491,0.477030,0.428555,-0.129934,-0.457823,-0.574770
547795,0.358819,0.475576,0.428565,0.072211,-0.594914,-0.542455
547805,0.360201,0.476078,0.429268,0.103116,-0.635283,-0.532910
547815,0.360526,0.477665,0.429585,0.026733,-0.576606,-0.539186
547825,0.361491,0.476792,0.429823,0.118344,-0.559896,-0.527623
547835,0.361526,0.476972,0.430168,0.102223,-0.454297,-0.527291
547845,0.362444,0.478293,0.430450,-0.020528,-0.403265,-0.534292
547855,0.363169,0.478662,0.430138,-0.072800,-0.339038,-0.533054
547865,0.364074,0.478826,0.430434,-0.103207,-0.288142,-0.525325
547875,0.365101,0.479004,0.430751,-0.121652,-0.264794,-0.519448
547885,0.366343,0.478922,0.431039,-0.109856,-0.276421,-0.508156
547895,0.367004,0.478623,0.431317,-0.060065,-0.273445,-0.495140
547905,0.370595,0.477974,0.430314,0.047096,-0.533557,-0.476118
547915,0.371252,0.477316,0.430500,0.181756,-0.568438,-0.470650
547925,0.371897,0.476763,0.430713,0.296790,-0.596243,-0.466160
547935,0.374289,0.477232,0.430788,0.326743,-0.735300,-0.466430
547945,0.375564,0.477821,0.430927,0.330059,-0.764892,-0.461993
547955,0.376671,0.480532,0.428984,0.156340,-0.747528,-0.472453
547965,0.377385,0.478848,0.428989,0.297398,-0.698684,-0.425802
547975,0.380066,0.478188,0.428783,0.338776,-0.774343,-0.387234
547985,0.379871,0.478448,0.428855,0.294152,-0.621913,-0.352890
547995,0.379733,0.478644,0.428887,0.261440,-0.481845,-0.315406
548005,0.382707,0.482439,0.424947,-0.052541,-0.566258,-0.324052
548015,0.384296,0.480029,0.424734,0.141234,-0.577031,-0.258142
548025,0.384511,0.481901,0.424544,-0.015179,-0.466449,-0.244083
548035,0.389497,0.479966,0.423995,0.158517,-0.747378,-0.200631
548045,0.389811,0.479906,0.423796,0.183623,-0.675037,-0.175503
548055,0.393058,0.479900,0.422524,0.196277,-0.829761,-0.159912
548065,0.394311,0.480822,0.422184,0.129252,-0.820895,-0.152139
548075,0.395069,0.480827,0.421946,0.142526,-0.769572,-0.132407
548085,0.395410,0.481000,0.421820,0.130329,-0.642517,-0.116872
548095,0.394072,0.481086,0.421921,0.127414,-0.336329,-0.097040
548105,0.399130,0.483752,0.421277,-0.078598,-0.417580,-0.126719
548115,0.400553,0.483991,0.421122,-0.080796,-0.155193,-0.112105
548125,0.399775,0.485016,0.421077,-0.153830,0.319821,-0.092673
548135,0.401720,0.484991,0.420904,-0.126273,0.613324,-0.059372
548145,0.406786,0.485766,0.420604,-0.151815,0.687790,-0.032982
548155,0.405234,0.485443,0.419426,-0.071592,1.238694,0.011668
548165,0.404279,0.484913,0.419177,0.046790,1.693871,0.054608
548175,0.409592,0.487015,0.418982,-0.019781,1.611744,0.091196
548185,0.409580,0.487279,0.418699,0.077882,1.887132,0.129909
548195,0.412787,0.486530,0.418435,0.248120,1.870224,0.157022
548205,0.412409,0.486807,0.417986,0.338867,2.078662,0.187210
548215,0.414084,0.487258,0.417659,0.404770,2.105324,0.207786
548225,0.415674,0.488734,0.417324,0.381471,2.121194,0.233266
548235,0.417302,0.488844,0.416998,0.445412,2.137629,0.232930
548245,0.417786,0.489246,0.416716,0.427302,2.250269,0.233310
548255,0.417219,0.489741,0.416025,0.382630,2.440912,0.236540
548265,0.422348,0.483801,0.415897,0.730272,2.263084,0.105644
548275,0.421865,0.484672,0.415701,0.602481,2.438832,0.139255
548285,0.423328,0.486575,0.415493,0.392599,2.438569,0.202647
548295,0.425038,0.487370,0.415255,0.260475,2.419272,0.242428
548305,0.425349,0.486983,0.416162,0.219158,2.492186,0.263677
548315,0.425538,0.487515,0.416032,0.127521,2.524740,0.312811
548325,0.426853,0.487875,0.415926,0.063684,2.462766,0.353332
548335,0.427427,0.486914,0.415876,0.101061,2.459095,0.357816
548345,0.427776,0.487050,0.415854,0.086438,2.446670,0.394685
548355,0.429260,0.487184,0.416600,0.073240,2.347384,0.426546
548365,0.429524,0.487704,0.416687,0.025705,2.325692,0.476063
548375,0.429881,0.488082,0.416813,-0.033808,2.312927,0.516160
548385,0.430452,0.488414,0.416979,-0.075393,2.262930,0.549371
548395,0.430900,0.488674,0.417187,-0.120701,2.211121,0.584446
548405,0.431431,0.488627,0.418403,-0.128385,2.166645,0.604752
548415,0.431860,0.488462,0.418728,-0.101871,2.121393,0.624228
548425,0.432698,0.486949,0.419090,0.009955,2.064589,0.599068
548435,0.433299,0.487530,0.419459,0.015461,1.974966,0.640795
548445,0.434025,0.486839,0.419846,0.122556,1.886514,0.643965
548455,0.434863,0.485909,0.420607,0.251500,1.795275,0.635793
548465,0.433855,0.485240,0.421032,0.364129,1.822907,0.636973
548475,0.434212,0.485666,0.421463,0.395545,1.717356,0.666827
548485,0.434608,0.486694,0.421879,0.379807,1.636536,0.708573
548495,0.434893,0.487059,0.422242,0.353491,1.569057,0.737132
548505,0.435083,0.487906,0.422265,0.262208,1.515727,0.777840
548515,0.435477,0.488028,0.422534,0.160170,1.465926,0.799926
548525,0.435858,0.488275,0.422756,0.016813,1.401343,0.824824
548535,0.435920,0.489458,0.422955,-0.189220,1.356322,0.871331
548545,0.436565,0.488060,0.423196,-0.199904,1.303807,0.856709
548555,0.437239,0.486551,0.422391,-0.183647,1.242308,0.845952
548565,0.436239,0.490097,0.422434,-0.475622,1.245657,0.943219
548575,0.436899,0.487749,0.422528,-0.324316,1.179372,0.918308
548585,0.437410,0.487219,0.422499,-0.260069,1.110496,0.934943
548595,0.437952,0.486166,0.422470,-0.131361,1.038660,0.953773
548605,0.437358,0.487120,0.422679,-0.091145,1.032045,1.019761
548615,0.437153,0.485746,0.422692,0.137490,1.005505,1.048768
548625,0.437770,0.484632,0.422728,0.339801,0.903492,1.082436
548635,0.436410,0.484847,0.422837,0.422578,0.944795,1.133394
548645,0.437038,0.484553,0.422918,0.502455,0.824604,1.172560
548655,0.436684,0.484803,0.424290,0.487991,0.767183,1.216535
548665,0.437447,0.485470,0.424418,0.397937,0.622490,1.259899
548675,0.437363,0.486179,0.424490,0.266078,0.521482,1.299252
548685,0.436312,0.487107,0.424555,0.111622,0.482323,1.329860
548695,0.437038,0.488185,0.424559,-0.073167,0.308261,1.355349
548705,0.435908,0.488004,0.424774,-0.173782,0.297490,1.372745
548715,0.436527,0.488486,0.424778,-0.277374,0.153282,1.395620
548725,0.437118,0.487651,0.424809,-0.247421,0.027989,1.416563
548735,0.436573,0.487552,0.424848,-0.241734,0.009417,1.443746
548745,0.435747,0.488061,0.424894,-0.252807,0.026310,1.475680
548755,0.435851,0.487508,0.423731,-0.146042,-0.003012,1.508697
548765,0.434800,0.486738,0.423747,-0.008637,0.063819,1.544242
548775,0.434617,0.486942,0.423769,0.058114,0.080710,1.578407
548785,0.434213,0.486479,0.423800,0.172289,0.124857,1.610448
548795,0.433868,0.486190,0.423838,0.239585,0.177443,1.635665
548805,0.433649,0.486001,0.423496,0.284308,0.207704,1.660470
548815,0.433684,0.486258,0.423533,0.248590,0.204565,1.680583
548825,0.434001,0.486730,0.423568,0.170300,0.151859,1.698120
548835,0.433662,0.487472,0.423589,0.057529,0.120409,1.711458
548845,0.435555,0.488334,0.423620,-0.095627,-0.113546,1.719418
548855,0.433693,0.488899,0.423418,-0.234667,-0.085983,1.727135
548865,0.434735,0.489434,0.423450,-0.335381,-0.300233,1.736751
548875,0.436598,0.489789,0.423484,-0.389034,-0.560928,1.747661
548885,0.435443,0.489689,0.423684,-0.391548,-0.573159,1.758662
548895,0.434909,0.489409,0.423878,-0.339898,-0.613232,1.770593
548905,0.434948,0.488752,0.424027,-0.221882,-0.662379,1.785936
548915,0.432804,0.488560,0.424290,-0.110952,-0.498955,1.784483
548925,0.432116,0.487711,0.424545,0.080891,-0.426319,1.797294
548935,0.432328,0.490149,0.424857,-0.003596,-0.364221,1.748410
548945,0.431228,0.489379,0.425123,0.193938,-0.195107,1.749050
548955,0.432133,0.489012,0.422430,0.331444,-0.170785,1.747605
548965,0.431350,0.488614,0.422609,0.420520,-0.018310,1.732445
548975,0.432061,0.489347,0.422876,0.404773,-0.003584,1.692091
548985,0.432171,0.489267,0.423156,0.429497,-0.001719,1.661440
548995,0.432690,0.489723,0.423496,0.391912,-0.073492,1.618146
549005,0.433598,0.490313,0.420860,0.295722,-0.211431,1.572618
549015,0.434670,0.491294,0.421098,0.131546,-0.384884,1.519663
549025,0.433689,0.492040,0.421437,-0.044083,-0.426314,1.463687
549035,0.434635,0.492731,0.421709,-0.159145,-0.600488,1.415146
549045,0.434831,0.490341,0.422159,0.001341,-0.716254,1.435010
549055,0.434122,0.490256,0.419451,0.004761,-0.702203,1.417110
549065,0.433924,0.491483,0.419617,-0.077554,-0.680981,1.378033
549075,0.433267,0.490764,0.419751,0.074480,-0.582673,1.381618
549085,0.433222,0.490016,0.419797,0.247988,-0.491024,1.391830
549095,0.433075,0.490184,0.419830,0.324246,-0.342330,1.382172
549105,0.431696,0.489559,0.418602,0.445853,-0.107803,1.388332
549115,0.432673,0.489994,0.418661,0.486985,-0.050439,1.379261
549125,0.431689,0.489610,0.418708,0.562167,0.125078,1.387885
549135,0.433076,0.489853,0.418861,0.534474,0.112031,1.387004
549145,0.432762,0.490192,0.419002,0.479022,0.188497,1.391339
549155,0.433894,0.490599,0.416466,0.392025,0.120396,1.392497
549165,0.434368,0.491100,0.416488,0.295828,0.065518,1.395321
549175,0.434838,0.491610,0.416528,0.194645,-0.015544,1.396158
549185,0.435289,0.491169,0.416601,0.180013,-0.092815,1.407380
549195,0.435895,0.491669,0.416670,0.088046,-0.170300,1.410329
549205,0.436121,0.492029,0.414144,0.015557,-0.208044,1.419536
549215,0.436034,0.492111,0.414058,-0.010032,-0.188247,1.436380
549225,0.435754,0.492113,0.413964,0.001560,-0.129794,1.457539
549235,0.435308,0.492137,0.413882,0.007998,-0.039113,1.477720
549245,0.437543,0.491875,0.413772,0.070039,-0.134020,1.504873
549255,0.436975,0.491336,0.411860,0.181347,-0.003499,1.542181
549265,0.436549,0.491004,0.411537,0.263885,0.101528,1.580908
549275,0.437185,0.490667,0.411154,0.321109,0.113116,1.612100
549285,0.436993,0.490616,0.410736,0.339199,0.177461,1.638355
549295,0.437740,0.490725,0.410284,0.322472,0.163142,1.659798
549305,0.437709,0.490823,0.409191,0.294400,0.193156,1.685398
549315,0.438569,0.491256,0.408663,0.222067,0.151150,1.700249
549325,0.438497,0.491814,0.408158,0.116139,0.188732,1.715766
549335,0.438513,0.492496,0.407685,-0.004428,0.216807,1.724728
549345,0.438315,0.493146,0.407235,-0.135181,0.262253,1.733375
549355,0.439087,0.493552,0.407154,-0.216482,0.231142,1.748014
549365,0.439036,0.493829,0.406771,-0.272970,0.269560,1.773053
549375,0.438909,0.493978,0.406458,-0.303785,0.310477,1.806104
549385,0.438892,0.491285,0.406348,-0.063269,0.336368,1.855704
549395,0.440732,0.492952,0.406210,-0.200811,0.200116,1.888968
549405,0.440667,0.493614,0.405094,-0.222822,0.230149,1.923512
549415,0.440487,0.489824,0.405074,0.147450,0.285721,1.972896
549425,0.440190,0.492166,0.405088,-0.054522,0.353882,2.005518
549435,0.441591,0.493252,0.405057,-0.128455,0.292001,2.042903
549445,0.441223,0.492455,0.405114,-0.057696,0.396059,2.089480
549455,0.440722,0.492745,0.404675,-0.113924,0.509619,2.133140
549465,0.441201,0.493100,0.404716,-0.182694,0.532836,2.180640
549475,0.440776,0.493576,0.404745,-0.266077,0.632265,2.228396
549485,0.440412,0.493382,0.404808,-0.313293,0.717759,2.280068
549495,0.440076,0.494122,0.404875,-0.461403,0.794346,2.331325
549505,0.441666,0.493257,0.405537,-0.470666,0.702531,2.382864
549515,0.441455,0.494082,0.405688,-0.641935,0.760840,2.423889
549525,0.440478,0.494581,0.405868,-0.767397,0.864765,2.462766
549535,0.441429,0.495240,0.406147,-0.867356,0.768092,2.505512
549545,0.441623,0.494545,0.406511,-0.820853,0.738866,2.536175
549555,0.441701,0.494467,0.406575,-0.803435,0.724878,2.568682
549565,0.442189,0.494063,0.406903,-0.713757,0.648031,2.600668
549575,0.442706,0.493586,0.407244,-0.595036,0.547738,2.630401
549585,0.442229,0.494625,0.407612,-0.600000,0.528195,2.654207
549595,0.442632,0.494985,0.408038,-0.527835,0.440404,2.674493
549605,0.442792,0.495348,0.408471,-0.463984,0.388417,2.684377
549615,0.443018,0.495099,0.408966,-0.367859,0.351869,2.683276
549625,0.443136,0.494923,0.409486,-0.299305,0.341909,2.682364
549635,0.443077,0.494700,0.410034,-0.232530,0.355765,2.676019
549645,0.442923,0.494662,0.410602,-0.200355,0.390104,2.667623
549655,0.442611,0.495416,0.409192,-0.255383,0.440152,2.664020
549665,0.442538,0.495392,0.409709,-0.252900,0.466320,2.654390
549675,0.442225,0.495346,0.410193,-0.234644,0.514920,2.636794
549685,0.441921,0.496307,0.410638,-0.295636,0.566233,2.618758
549695,0.441781,0.496133,0.411085,-0.256493,0.596403,2.594917
549705,0.441780,0.495613,0.409728,-0.153379,0.602691,2.569222
549715,0.441892,0.495955,0.410055,-0.100982,0.574923,2.544009
549725,0.441688,0.495819,0.410367,0.032352,0.531042,2.514506
549735,0.442123,0.497174,0.410707,0.037208,0.404695,2.496231
549745,0.441092,0.496485,0.411057,0.176607,0.411201,2.457485
549755,0.441800,0.495979,0.410102,0.307495,0.253585,2.430956
549765,0.442363,0.497551,0.410437,0.247312,0.104986,2.406533
549775,0.442210,0.496294,0.410716,0.393293,0.037469,2.364669
549785,0.439897,0.498771,0.411053,0.235138,0.116739,2.325749
549795,0.440301,0.500914,0.411289,0.088670,-0.004482,2.284295
549805,0.440693,0.502092,0.410061,0.017006,-0.106266,2.238093
549815,0.441194,0.500350,0.410251,0.177977,-0.209432,2.184880
549825,0.439763,0.500215,0.410396,0.207630,-0.155379,2.132582
549835,0.440162,0.501035,0.410500,0.187454,-0.258557,2.082663
549845,0.439677,0.499731,0.410628,0.353517,-0.281176,2.038101
549855,0.439233,0.503984,0.410042,0.061028,-0.328802,1.980650
549865,0.438715,0.505408,0.410108,0.038068,-0.366589,1.936579
549875,0.439182,0.506023,0.410249,0.085039,-0.473130,1.895317
549885,0.439518,0.505631,0.410462,0.210276,-0.562943,1.857368
549895,0.438903,0.506077,0.410629,0.260962,-0.571813,1.813366
549905,0.437119,0.505534,0.410076,0.403739,-0.475672,1.769491
549915,0.436918,0.504947,0.410144,0.553723,-0.483335,1.727235
549925,0.436596,0.504335,0.410172,0.711108,-0.451443,1.682998
549935,0.436382,0.505489,0.410205,0.714684,-0.413862,1.623299
549945,0.436077,0.505294,0.410171,0.811828,-0.377631,1.579556
549955,0.435889,0.507030,0.409168,0.702901,-0.352115,1.520581
549965,0.435966,0.509608,0.409018,0.520558,-0.349388,1.453193
549975,0.435981,0.508050,0.408921,0.695081,-0.378439,1.439289
549985,0.436236,0.509024,0.408751,0.627536,-0.428587,1.392162
549995,0.435687,0.510060,0.408587,0.560419,-0.439326,1.353534
550005,0.436201,0.509940,0.407763,0.602831,-0.548465,1.324133
550015,0.436749,0.509683,0.407602,0.675324,-0.659735,1.296700
550025,0.436202,0.509410,0.407441,0.765740,-0.700100,1.280766
550035,0.436853,0.511582,0.407233,0.670957,-0.796106,1.219900
550045,0.434893,0.508801,0.407114,0.972830,-0.717095,1.253308
550055,0.436220,0.514513,0.408159,0.571359,-0.802653,1.143632
550065,0.436029,0.514365,0.407934,0.657856,-0.782419,1.132569
550075,0.435708,0.514269,0.407682,0.731957,-0.737827,1.124409
550085,0.435117,0.514133,0.407411,0.817591,-0.652121,1.120060
550095,0.434415,0.513946,0.407089,0.898181,-0.542292,1.116752
550105,0.435700,0.513407,0.407104,1.017290,-0.562300,1.092690
550115,0.434849,0.513746,0.406781,1.079034,-0.413212,1.083935
550125,0.433770,0.513244,0.406427,1.219746,-0.240055,1.093824
550135,0.435876,0.513044,0.406092,1.332636,-0.281562,1.056098
550145,0.436919,0.512231,0.405658,1.503519,-0.249122,1.039258
550155,0.436136,0.512650,0.406203,1.557328,-0.094510,1.031303
550165,0.435544,0.512328,0.405722,1.648267,0.021838,1.029140
550175,0.435264,0.514980,0.405256,1.469493,0.109583,0.989424
550185,0.436356,0.518840,0.404612,1.139158,0.086177,0.919336
550195,0.436364,0.519485,0.403724,1.062144,0.092570,0.908693
550205,0.437538,0.517427,0.404586,1.164429,0.001868,0.909858
550215,0.437883,0.518140,0.403498,1.040994,-0.039681,0.902954
550225,0.438170,0.518158,0.402254,0.964780,-0.083351,0.902634
550235,0.438646,0.518668,0.400825,0.874281,-0.139058,0.883593
550245,0.439052,0.519098,0.399239,0.800468,-0.191466,0.862693
550255,0.439312,0.519254,0.399120,0.779141,-0.214807,0.846175
550265,0.440558,0.519001,0.397296,0.821406,-0.306445,0.823637
550275,0.440620,0.518856,0.395329,0.875238,-0.299825,0.822150
550285,0.440258,0.518315,0.393215,0.999353,-0.240971,0.831105
550295,0.439665,0.517591,0.390926,1.159969,-0.134403,0.845160
550305,0.442103,0.521054,0.388957,0.987895,-0.211098,0.786198
550315,0.441192,0.521315,0.386406,1.103513,-0.034153,0.806839
550325,0.440256,0.521870,0.383694,1.164642,0.153033,0.824916
550335,0.440209,0.521392,0.380840,1.296030,0.279916,0.827270
550345,0.439268,0.521332,0.377825,1.362480,0.465566,0.833881
550355,0.438518,0.523412,0.374276,1.212488,0.607671,0.821696
550365,0.438259,0.524028,0.370970,1.123222,0.671133,0.804650
550375,0.441336,0.524347,0.367733,1.033818,0.469020,0.729518
550385,0.448611,0.524463,0.364314,0.919952,-0.059039,0.585798
550395,0.449971,0.522398,0.360740,1.006891,-0.144869,0.535785
550405,0.449221,0.522932,0.357207,0.940890,-0.084808,0.515203
550415,0.449123,0.523499,0.353386,0.845123,-0.045316,0.482100
550425,0.448770,0.525076,0.349445,0.663630,0.042969,0.446451
550435,0.451917,0.526950,0.345126,0.465739,-0.093732,0.357092
550445,0.450864,0.527209,0.341116,0.464983,0.142823,0.334945
550455,0.450592,0.524589,0.337403,0.735312,0.344800,0.300274
550465,0.450027,0.526843,0.333148,0.598922,0.588655,0.270662
550475,0.448658,0.530640,0.328725,0.376617,0.897230,0.254597
550485,0.455652,0.529411,0.324928,0.597026,0.486084,0.136906
550495,0.456532,0.528377,0.320775,0.852491,0.601268,0.084999
550505,0.457543,0.530057,0.315762,0.849815,0.666928,0.041588
550515,0.458018,0.529388,0.311628,1.051867,0.764791,-0.018982
550525,0.456859,0.530863,0.307627,1.018619,0.962421,-0.056433
550535,0.455862,0.531153,0.303594,1.041774,1.146148,-0.107669
550545,0.457546,0.529075,0.299660,1.214105,1.059534,-0.210802
